{
	"start":	{
		"connected":	[{
				"socket":	5,
				"local_host":	"192.168.168.179",
				"local_port":	39968,
				"remote_host":	"192.168.10.1",
				"remote_port":	5201
			}],
		"version":	"iperf 3.16",
		"system_info":	"Linux D-G90H114 5.15.167.4-microsoft-standard-WSL2 #1 SMP Tue Nov 5 00:21:55 UTC 2024 x86_64",
		"timestamp":	{
			"time":	"Tue, 04 Feb 2025 15:23:32 GMT",
			"timesecs":	1738682612
		},
		"connecting_to":	{
			"host":	"192.168.10.1",
			"port":	5201
		},
		"cookie":	"ooerttnjagl2epxabyjqd3ht2jo3edrpuld6",
		"tcp_mss_default":	1448,
		"target_bitrate":	0,
		"fq_rate":	0,
		"sock_bufsize":	0,
		"sndbuf_actual":	16384,
		"rcvbuf_actual":	131072,
		"test_start":	{
			"protocol":	"TCP",
			"num_streams":	1,
			"blksize":	131072,
			"omit":	0,
			"duration":	10,
			"bytes":	0,
			"blocks":	0,
			"reverse":	0,
			"tos":	0,
			"target_bitrate":	0,
			"bidir":	0,
			"fqrate":	0
		}
	},
	"intervals":	[{
			"streams":	[{
					"socket":	5,
					"start":	0,
					"end":	1.001074,
					"seconds":	1.001073956489563,
					"bytes":	115998720,
					"bits_per_second":	926994208.55393624,
					"retransmits":	0,
					"snd_cwnd":	4054400,
					"snd_wnd":	10399744,
					"rtt":	32192,
					"rttvar":	35,
					"pmtu":	1500,
					"omitted":	false,
					"sender":	true
				}],
			"sum":	{
				"start":	0,
				"end":	1.001074,
				"seconds":	1.001073956489563,
				"bytes":	115998720,
				"bits_per_second":	926994208.55393624,
				"retransmits":	0,
				"omitted":	false,
				"sender":	true
			}
		}, {
			"streams":	[{
					"socket":	5,
					"start":	1.001074,
					"end":	2.001125,
					"seconds":	1.0000510215759277,
					"bytes":	118095872,
					"bits_per_second":	944718774.959293,
					"retransmits":	0,
					"snd_cwnd":	4271600,
					"snd_wnd":	18804736,
					"rtt":	29923,
					"rttvar":	120,
					"pmtu":	1500,
					"omitted":	false,
					"sender":	true
				}],
			"sum":	{
				"start":	1.001074,
				"end":	2.001125,
				"seconds":	1.0000510215759277,
				"bytes":	118095872,
				"bits_per_second":	944718774.959293,
				"retransmits":	0,
				"omitted":	false,
				"sender":	true
			}
		}, {
			"streams":	[{
					"socket":	5,
					"start":	2.001125,
					"end":	3.001208,
					"seconds":	1.0000829696655273,
					"bytes":	117309440,
					"bits_per_second":	938397661.459897,
					"retransmits":	0,
					"snd_cwnd":	4271600,
					"snd_wnd":	18804736,
					"rtt":	26696,
					"rttvar":	30,
					"pmtu":	1500,
					"omitted":	false,
					"sender":	true
				}],
			"sum":	{
				"start":	2.001125,
				"end":	3.001208,
				"seconds":	1.0000829696655273,
				"bytes":	117309440,
				"bits_per_second":	938397661.459897,
				"retransmits":	0,
				"omitted":	false,
				"sender":	true
			}
		}, {
			"streams":	[{
					"socket":	5,
					"start":	3.001208,
					"end":	3.558796,
					"seconds":	0.55758798122406,
					"bytes":	64880640,
					"bits_per_second":	930875731.68372858,
					"retransmits":	0,
					"snd_cwnd":	4271600,
					"snd_wnd":	18616320,
					"rtt":	27340,
					"rttvar":	2418,
					"pmtu":	1500,
					"omitted":	false,
					"sender":	true
				}],
			"sum":	{
				"start":	3.001208,
				"end":	3.558796,
				"seconds":	0.55758798122406,
				"bytes":	64880640,
				"bits_per_second":	930875731.68372858,
				"retransmits":	0,
				"omitted":	false,
				"sender":	true
			}
		}],
	"end":	{
		"streams":	[{
				"sender":	{
					"socket":	5,
					"start":	0,
					"end":	3.558796,
					"seconds":	3.558796,
					"bytes":	416284672,
					"bits_per_second":	935787658.522714,
					"retransmits":	0,
					"max_snd_cwnd":	4271600,
					"max_snd_wnd":	18804736,
					"max_rtt":	32192,
					"min_rtt":	26696,
					"mean_rtt":	29037,
					"sender":	true
				},
				"receiver":	{
					"socket":	5,
					"start":	0,
					"end":	3.558796,
					"seconds":	3.558796,
					"bytes":	0,
					"bits_per_second":	0,
					"sender":	true
				}
			}],
		"sum_sent":	{
			"start":	0,
			"end":	3.558796,
			"seconds":	3.558796,
			"bytes":	416284672,
			"bits_per_second":	935787658.522714,
			"retransmits":	0,
			"sender":	true
		},
		"sum_received":	{
			"start":	0,
			"end":	3.558796,
			"seconds":	3.558796,
			"bytes":	0,
			"bits_per_second":	0,
			"sender":	true
		},
		"cpu_utilization_percent":	{
			"host_total":	2.34451786169834,
			"host_user":	0,
			"host_system":	2.3445739291811623,
			"remote_total":	0,
			"remote_user":	0,
			"remote_system":	0
		},
		"sender_tcp_congestion":	"cubic"
	},
	"error":	"interrupt - the client has terminated"
}
