{
	"start":	{
		"connected":	[{
				"socket":	5,
				"local_host":	"192.168.168.179",
				"local_port":	59692,
				"remote_host":	"192.168.10.1",
				"remote_port":	5201
			}],
		"version":	"iperf 3.16",
		"system_info":	"Linux D-G90H114 5.15.167.4-microsoft-standard-WSL2 #1 SMP Tue Nov 5 00:21:55 UTC 2024 x86_64",
		"timestamp":	{
			"time":	"Thu, 30 Jan 2025 21:59:38 GMT",
			"timesecs":	1738274378
		},
		"connecting_to":	{
			"host":	"192.168.10.1",
			"port":	5201
		},
		"cookie":	"k247xogmelht4ath5gbugtjspjbcmgppadl4",
		"tcp_mss_default":	1448,
		"target_bitrate":	0,
		"fq_rate":	0,
		"sock_bufsize":	0,
		"sndbuf_actual":	16384,
		"rcvbuf_actual":	131072,
		"test_start":	{
			"protocol":	"TCP",
			"num_streams":	1,
			"blksize":	131072,
			"omit":	0,
			"duration":	10,
			"bytes":	0,
			"blocks":	0,
			"reverse":	0,
			"tos":	0,
			"target_bitrate":	0,
			"bidir":	0,
			"fqrate":	0
		}
	},
	"intervals":	[{
			"streams":	[{
					"socket":	5,
					"start":	0,
					"end":	1.001629,
					"seconds":	1.0016289949417114,
					"bytes":	115867648,
					"bits_per_second":	925433657.25344467,
					"retransmits":	0,
					"snd_cwnd":	4099288,
					"snd_wnd":	10571776,
					"rtt":	26965,
					"rttvar":	22,
					"pmtu":	1500,
					"omitted":	false,
					"sender":	true
				}],
			"sum":	{
				"start":	0,
				"end":	1.001629,
				"seconds":	1.0016289949417114,
				"bytes":	115867648,
				"bits_per_second":	925433657.25344467,
				"retransmits":	0,
				"omitted":	false,
				"sender":	true
			}
		}, {
			"streams":	[{
					"socket":	5,
					"start":	1.001629,
					"end":	2.001088,
					"seconds":	0.99945902824401855,
					"bytes":	117178368,
					"bits_per_second":	937934339.986898,
					"retransmits":	0,
					"snd_cwnd":	4319384,
					"snd_wnd":	10878976,
					"rtt":	25728,
					"rttvar":	122,
					"pmtu":	1500,
					"omitted":	false,
					"sender":	true
				}],
			"sum":	{
				"start":	1.001629,
				"end":	2.001088,
				"seconds":	0.99945902824401855,
				"bytes":	117178368,
				"bits_per_second":	937934339.986898,
				"retransmits":	0,
				"omitted":	false,
				"sender":	true
			}
		}, {
			"streams":	[{
					"socket":	5,
					"start":	2.001088,
					"end":	3.001084,
					"seconds":	0.9999960064888,
					"bytes":	117440512,
					"bits_per_second":	939527848.01498377,
					"retransmits":	0,
					"snd_cwnd":	4319384,
					"snd_wnd":	10878976,
					"rtt":	28888,
					"rttvar":	6,
					"pmtu":	1500,
					"omitted":	false,
					"sender":	true
				}],
			"sum":	{
				"start":	2.001088,
				"end":	3.001084,
				"seconds":	0.9999960064888,
				"bytes":	117440512,
				"bits_per_second":	939527848.01498377,
				"retransmits":	0,
				"omitted":	false,
				"sender":	true
			}
		}, {
			"streams":	[{
					"socket":	5,
					"start":	3.001084,
					"end":	4.001097,
					"seconds":	1.000012993812561,
					"bytes":	118489088,
					"bits_per_second":	947900387.16004276,
					"retransmits":	0,
					"snd_cwnd":	4319384,
					"snd_wnd":	10878976,
					"rtt":	24277,
					"rttvar":	10,
					"pmtu":	1500,
					"omitted":	false,
					"sender":	true
				}],
			"sum":	{
				"start":	3.001084,
				"end":	4.001097,
				"seconds":	1.000012993812561,
				"bytes":	118489088,
				"bits_per_second":	947900387.16004276,
				"retransmits":	0,
				"omitted":	false,
				"sender":	true
			}
		}, {
			"streams":	[{
					"socket":	5,
					"start":	4.001097,
					"end":	5.001073,
					"seconds":	0.99997597932815552,
					"bytes":	116523008,
					"bits_per_second":	932206456.22537625,
					"retransmits":	0,
					"snd_cwnd":	4319384,
					"snd_wnd":	10878976,
					"rtt":	23266,
					"rttvar":	158,
					"pmtu":	1500,
					"omitted":	false,
					"sender":	true
				}],
			"sum":	{
				"start":	4.001097,
				"end":	5.001073,
				"seconds":	0.99997597932815552,
				"bytes":	116523008,
				"bits_per_second":	932206456.22537625,
				"retransmits":	0,
				"omitted":	false,
				"sender":	true
			}
		}, {
			"streams":	[{
					"socket":	5,
					"start":	5.001073,
					"end":	6.001446,
					"seconds":	1.0003730058670044,
					"bytes":	119013376,
					"bits_per_second":	951751998.92046952,
					"retransmits":	0,
					"snd_cwnd":	4319384,
					"snd_wnd":	10878976,
					"rtt":	23928,
					"rttvar":	221,
					"pmtu":	1500,
					"omitted":	false,
					"sender":	true
				}],
			"sum":	{
				"start":	5.001073,
				"end":	6.001446,
				"seconds":	1.0003730058670044,
				"bytes":	119013376,
				"bits_per_second":	951751998.92046952,
				"retransmits":	0,
				"omitted":	false,
				"sender":	true
			}
		}, {
			"streams":	[{
					"socket":	5,
					"start":	6.001446,
					"end":	7.002334,
					"seconds":	1.0008879899978638,
					"bytes":	117309440,
					"bits_per_second":	937642902.481029,
					"retransmits":	0,
					"snd_cwnd":	4319384,
					"snd_wnd":	10878976,
					"rtt":	25565,
					"rttvar":	7,
					"pmtu":	1500,
					"omitted":	false,
					"sender":	true
				}],
			"sum":	{
				"start":	6.001446,
				"end":	7.002334,
				"seconds":	1.0008879899978638,
				"bytes":	117309440,
				"bits_per_second":	937642902.481029,
				"retransmits":	0,
				"omitted":	false,
				"sender":	true
			}
		}, {
			"streams":	[{
					"socket":	5,
					"start":	7.002334,
					"end":	8.002197,
					"seconds":	0.999863028526306,
					"bytes":	116785152,
					"bits_per_second":	934409203.40562356,
					"retransmits":	0,
					"snd_cwnd":	4319384,
					"snd_wnd":	10878976,
					"rtt":	30082,
					"rttvar":	174,
					"pmtu":	1500,
					"omitted":	false,
					"sender":	true
				}],
			"sum":	{
				"start":	7.002334,
				"end":	8.002197,
				"seconds":	0.999863028526306,
				"bytes":	116785152,
				"bits_per_second":	934409203.40562356,
				"retransmits":	0,
				"omitted":	false,
				"sender":	true
			}
		}, {
			"streams":	[{
					"socket":	5,
					"start":	8.002197,
					"end":	9.00152,
					"seconds":	0.999323010444641,
					"bytes":	117571584,
					"bits_per_second":	941209861.245464,
					"retransmits":	0,
					"snd_cwnd":	4319384,
					"snd_wnd":	10878976,
					"rtt":	30216,
					"rttvar":	10,
					"pmtu":	1500,
					"omitted":	false,
					"sender":	true
				}],
			"sum":	{
				"start":	8.002197,
				"end":	9.00152,
				"seconds":	0.999323010444641,
				"bytes":	117571584,
				"bits_per_second":	941209861.245464,
				"retransmits":	0,
				"omitted":	false,
				"sender":	true
			}
		}, {
			"streams":	[{
					"socket":	5,
					"start":	9.00152,
					"end":	10.001652,
					"seconds":	1.0001319646835327,
					"bytes":	117571584,
					"bits_per_second":	940448566.00260866,
					"retransmits":	0,
					"snd_cwnd":	4319384,
					"snd_wnd":	10878976,
					"rtt":	28675,
					"rttvar":	11,
					"pmtu":	1500,
					"omitted":	false,
					"sender":	true
				}],
			"sum":	{
				"start":	9.00152,
				"end":	10.001652,
				"seconds":	1.0001319646835327,
				"bytes":	117571584,
				"bits_per_second":	940448566.00260866,
				"retransmits":	0,
				"omitted":	false,
				"sender":	true
			}
		}],
	"end":	{
		"streams":	[{
				"sender":	{
					"socket":	5,
					"start":	0,
					"end":	10.001652,
					"seconds":	10.001652,
					"bytes":	1173749760,
					"bits_per_second":	938844710.853767,
					"retransmits":	0,
					"max_snd_cwnd":	4319384,
					"max_snd_wnd":	10878976,
					"max_rtt":	30216,
					"min_rtt":	23266,
					"mean_rtt":	26759,
					"sender":	true
				},
				"receiver":	{
					"socket":	5,
					"start":	0,
					"end":	10.033883,
					"seconds":	10.001652,
					"bytes":	1173749760,
					"bits_per_second":	935828938.80664146,
					"sender":	true
				}
			}],
		"sum_sent":	{
			"start":	0,
			"end":	10.001652,
			"seconds":	10.001652,
			"bytes":	1173749760,
			"bits_per_second":	938844710.853767,
			"retransmits":	0,
			"sender":	true
		},
		"sum_received":	{
			"start":	0,
			"end":	10.033883,
			"seconds":	10.033883,
			"bytes":	1173749760,
			"bits_per_second":	935828938.80664146,
			"sender":	true
		},
		"cpu_utilization_percent":	{
			"host_total":	3.1010330849325927,
			"host_user":	0.34735542725247043,
			"host_system":	2.7536876480573911,